{
    "layernum[1]_bsz8_seq197": 7.207734394073487,
    "layernum[4]_bsz8_seq197": 14.719695949554445,
    "layertype_0_bsz8_seq197": 0.31299839814503994,
    "layertype_other_bsz8_seq197": 0.5879684011141459
}