{
    "layernum[1]_bsz8_seq257": 7.205593633651734,
    "layernum[4]_bsz8_seq257": 12.18939199447632,
    "layernum[1]_bsz8_seq197": 6.907984018325805,
    "layernum[4]_bsz8_seq197": 11.837344074249268,
    "layertype_0_bsz8_seq197": 0.2053900023301443,
    "layertype_other_bsz8_seq197": 0.6581079999605813
}