{
    "layernum[6]_bsz2": 61.580573272705074,
    "layernum[12]_bsz2": 115.44709091186525,
    "layertype_0": 4.313151216506959,
    "layernum[2]_bsz2": 27.18823661804199,
    "layernum[4]_bsz2": 46.167360305786126,
    "layernum[2]_bsz1": 16.34934425354004,
    "layernum[2]_bsz3": 39.70356483459473,
    "layernum[2]_bsz4": 51.414682006835946,
    "layernum[2]_bsz5": 61.5100284576416,
    "layernum[2]_bsz6": 74.92949447631834,
    "layernum[2]_bsz7": 85.86916503906248,
    "layernum[2]_bsz8": 96.99342575073243,
    "layernum[2]_bsz9": 107.46343765258788,
    "layernum[2]_bsz10": 116.29489288330079,
    "layernum[2]_bsz11": 129.58849182128904,
    "layernum[2]_bsz12": 139.3274703979492,
    "layernum[2]_bsz13": 150.2306869506836,
    "layernum[2]_bsz14": 161.19515380859374,
    "layernum[2]_bsz15": 172.4848831176758,
    "layernum[2]_bsz16": 184.30767517089845,
    "layernum[4]_bsz1": 26.649404907226565,
    "layernum[4]_bsz3": 66.50170249938967,
    "layernum[4]_bsz4": 85.3351837158203,
    "layernum[4]_bsz5": 101.45774688720704,
    "layernum[4]_bsz6": 120.84284744262699,
    "layernum[4]_bsz7": 141.1453857421875,
    "layernum[4]_bsz8": 159.11725158691408,
    "layernum[4]_bsz9": 180.9004180908203,
    "layernum[4]_bsz10": 194.3889038085937,
    "layernum[4]_bsz11": 219.1634963989258,
    "layernum[4]_bsz12": 233.30926513671872,
    "layernum[4]_bsz13": 252.25812377929685,
    "layernum[4]_bsz14": 271.2604492187499,
    "layernum[4]_bsz15": 289.5151000976562,
    "layernum[4]_bsz16": 310.9952789306641,
    "layertype_0_bsz1": 5.150030326843263,
    "layertype_other_0_bsz1": 6.0492835998535135,
    "layertype_0_bsz2": 4.744780921936034,
    "layertype_other_0_bsz2": 4.104556465148928,
    "layertype_0_bsz3": 4.466356277465823,
    "layertype_other_0_bsz3": 4.301809056599931,
    "layertype_0_bsz4": 4.240062713623045,
    "layertype_other_0_bsz4": 4.373545074462896,
    "layertype_0_bsz5": 3.9947718429565433,
    "layertype_other_0_bsz5": 4.312462005615234,
    "layertype_0_bsz6": 3.8261127471923877,
    "layertype_other_0_bsz6": 4.836023585001615,
    "layertype_0_bsz7": 3.948301478794644,
    "layertype_other_0_bsz7": 4.3704206194196376,
    "layertype_0_bsz8": 3.8827391147613532,
    "layertype_other_0_bsz8": 4.358699989318847,
    "layertype_0_bsz9": 4.0798322465684675,
    "layertype_other_0_bsz9": 3.7807174682617193,
    "layertype_0_bsz10": 3.904700546264646,
    "layertype_other_0_bsz10": 3.820088195800787,
    "layertype_0_bsz11": 4.0715911171653065,
    "layertype_other_0_bsz11": 3.637589749422936,
    "layertype_0_bsz12": 3.915908114115396,
    "layertype_other_0_bsz12": 3.778806304931642,
    "layertype_0_bsz13": 3.924132185715894,
    "layertype_other_0_bsz13": 3.707942317082335,
    "layertype_0_bsz14": 3.930903407505577,
    "layertype_other_0_bsz14": 3.6521327427455423,
    "layertype_0_bsz15": 3.901007232666014,
    "layertype_other_0_bsz15": 3.696977742513025,
    "layertype_0_bsz16": 3.958987617492676,
    "layertype_other_0_bsz16": 3.601254463195801
}