{
    "layernum[12,12,12,12]_bsz12_seq[3136,784,196,49]": 96.64599380493163,
    "layernum[24,12,12,12]_bsz12_seq[3136,784,196,49]": 130.27744216918944,
    "layernum[12,24,12,12]_bsz12_seq[3136,784,196,49]": 123.16436538696287,
    "layernum[12,12,24,12]_bsz12_seq[3136,784,196,49]": 130.6742027282715,
    "layernum[12,12,12,24]_bsz12_seq[3136,784,196,49]": 126.46314315795898,
    "layertype_0_bsz12_seq3136": 0.2335517247517903,
    "layertype_1_bsz12_seq784": 0.18415535820855025,
    "layertype_2_bsz12_seq196": 0.23630700641208235,
    "layertype_3_bsz12_seq49": 0.20706353717380102,
    "layertype_other_bsz12_seq[3136,784,196,49]": 0
}