{
    "layernum[2,2]_bsz1_seq[512,512]": 11.62569923400879,
    "layernum[2,2]_bsz2_seq[512,512]": 12.255692863464356,
    "layernum[2,2]_bsz3_seq[512,512]": 13.227235221862792,
    "layernum[2,2]_bsz4_seq[512,512]": 14.919612598419189,
    "layernum[2,2]_bsz5_seq[512,512]": 17.069951820373536,
    "layernum[2,2]_bsz6_seq[512,512]": 19.558179283142085,
    "layernum[2,2]_bsz7_seq[512,512]": 21.786528015136717,
    "layernum[2,2]_bsz8_seq[512,512]": 23.615420341491703,
    "layernum[4,2]_bsz1_seq[512,512]": 14.197932815551757,
    "layernum[4,2]_bsz2_seq[512,512]": 15.897129631042478,
    "layernum[4,2]_bsz3_seq[512,512]": 16.214438247680665,
    "layernum[4,2]_bsz4_seq[512,512]": 18.808204650878906,
    "layernum[4,2]_bsz5_seq[512,512]": 21.50935668945312,
    "layernum[4,2]_bsz6_seq[512,512]": 24.738108444213868,
    "layernum[4,2]_bsz7_seq[512,512]": 28.192563629150392,
    "layernum[4,2]_bsz8_seq[512,512]": 30.777644729614263,
    "layernum[2,4]_bsz1_seq[512,512]": 16.289184379577637,
    "layernum[2,4]_bsz2_seq[512,512]": 17.470528030395506,
    "layernum[2,4]_bsz3_seq[512,512]": 18.552265548706053,
    "layernum[2,4]_bsz4_seq[512,512]": 19.294694328308104,
    "layernum[2,4]_bsz5_seq[512,512]": 23.733555030822757,
    "layernum[2,4]_bsz6_seq[512,512]": 27.096201705932614,
    "layernum[2,4]_bsz7_seq[512,512]": 31.16165771484375,
    "layernum[2,4]_bsz8_seq[512,512]": 33.66013145446777,
    "layertype_0_bsz1_seq512": 1.2861167907714837,
    "layertype_1_bsz1_seq512": 2.3317425727844237,
    "layertype_other_bsz1_seq[512,512]": 4.3899805068969755,
    "layertype_0_bsz2_seq512": 0.9103591918945306,
    "layertype_1_bsz2_seq512": 1.3037087917327876,
    "layertype_other_bsz2_seq[512,512]": 1.6997104644775414,
    "layertype_0_bsz3_seq512": 0.49786717096964556,
    "layertype_1_bsz3_seq512": 0.887505054473877,
    "layertype_other_bsz3_seq[512,512]": 1.6383339564005521,
    "layertype_0_bsz4_seq512": 0.4860740065574647,
    "layertype_1_bsz4_seq512": 0.5468852162361144,
    "layertype_other_bsz4_seq[512,512]": 1.663984704017639,
    "layertype_0_bsz5_seq512": 0.4439404869079585,
    "layertype_1_bsz5_seq512": 0.666360321044922,
    "layertype_other_bsz5_seq[512,512]": 1.193388748168946,
    "layertype_0_bsz6_seq512": 0.4316607634226486,
    "layertype_1_bsz6_seq512": 0.6281685352325441,
    "layertype_other_bsz6_seq[512,512]": 1.140037949879962,
    "layertype_0_bsz7_seq512": 0.45757397242954817,
    "layertype_1_bsz7_seq512": 0.6696521214076451,
    "layertype_other_bsz7_seq[512,512]": 0.8579089573451445,
    "layertype_0_bsz8_seq512": 0.44763902425766,
    "layertype_1_bsz8_seq512": 0.6277944445610044,
    "layertype_other_bsz8_seq[512,512]": 0.801060605049134
}