{
    "1_1_8_sp": {
        "layernum[1,1]_bsz8_seq[512,512]_rank0_ms": 434.73974609375,
        "layernum[1,1]_bsz8_seq[512,512]_rank0_act": 163.517578125,
        "layernum[1,1]_bsz8_seq[512,512]_rank0_act_peak": 418.29248046875,
        "layernum[1,1]_bsz8_seq[512,512]_rank7_ms": 434.73974609375,
        "layernum[1,1]_bsz8_seq[512,512]_rank7_act": 163.517578125,
        "layernum[1,1]_bsz8_seq[512,512]_rank7_act_peak": 418.29248046875,
        "layernum[2,1]_bsz8_seq[512,512]_rank0_ms": 530.79345703125,
        "layernum[2,1]_bsz8_seq[512,512]_rank0_act": 215.9794921875,
        "layernum[2,1]_bsz8_seq[512,512]_rank0_act_peak": 446.42626953125,
        "layernum[2,1]_bsz8_seq[512,512]_rank7_ms": 530.48095703125,
        "layernum[2,1]_bsz8_seq[512,512]_rank7_act": 215.9794921875,
        "layernum[2,1]_bsz8_seq[512,512]_rank7_act_peak": 446.73876953125,
        "layernum[1,2]_bsz8_seq[512,512]_rank0_ms": 562.82958984375,
        "layernum[1,2]_bsz8_seq[512,512]_rank0_act": 235.15625,
        "layernum[1,2]_bsz8_seq[512,512]_rank0_act_peak": 524.24853515625,
        "layernum[1,2]_bsz8_seq[512,512]_rank7_ms": 562.82958984375,
        "layernum[1,2]_bsz8_seq[512,512]_rank7_act": 235.15625,
        "layernum[1,2]_bsz8_seq[512,512]_rank7_act_peak": 524.24853515625
    },
    "1_2_4_sp": {
        "layernum[1,1]_bsz8_seq[512,512]_rank0_ms": 436.30712890625,
        "layernum[1,1]_bsz8_seq[512,512]_rank0_act": 175.884765625,
        "layernum[1,1]_bsz8_seq[512,512]_rank0_act_peak": 277.5927734375,
        "layernum[1,1]_bsz8_seq[512,512]_rank7_ms": 437.22705078125,
        "layernum[1,1]_bsz8_seq[512,512]_rank7_act": 174.703125,
        "layernum[1,1]_bsz8_seq[512,512]_rank7_act_peak": 276.4111328125,
        "layernum[2,1]_bsz8_seq[512,512]_rank0_ms": 532.27978515625,
        "layernum[2,1]_bsz8_seq[512,512]_rank0_act": 231.8193359375,
        "layernum[2,1]_bsz8_seq[512,512]_rank0_act_peak": 309.509765625,
        "layernum[2,1]_bsz8_seq[512,512]_rank7_ms": 532.59228515625,
        "layernum[2,1]_bsz8_seq[512,512]_rank7_act": 231.8193359375,
        "layernum[2,1]_bsz8_seq[512,512]_rank7_act_peak": 309.197265625,
        "layernum[1,2]_bsz8_seq[512,512]_rank0_ms": 565.40283203125,
        "layernum[1,2]_bsz8_seq[512,512]_rank0_act": 254.341796875,
        "layernum[1,2]_bsz8_seq[512,512]_rank0_act_peak": 325.3251953125,
        "layernum[1,2]_bsz8_seq[512,512]_rank7_ms": 565.71533203125,
        "layernum[1,2]_bsz8_seq[512,512]_rank7_act": 254.341796875,
        "layernum[1,2]_bsz8_seq[512,512]_rank7_act_peak": 325.0126953125
    },
    "1_2_4_vtp_sp": {
        "layernum[1,1]_bsz8_seq[512,512]_rank0_ms": 442.91455078125,
        "layernum[1,1]_bsz8_seq[512,512]_rank0_act": 174.11474609375,
        "layernum[1,1]_bsz8_seq[512,512]_rank0_act_peak": 244.75830078125,
        "layernum[1,1]_bsz8_seq[512,512]_rank7_ms": 442.60205078125,
        "layernum[1,1]_bsz8_seq[512,512]_rank7_act": 174.11474609375,
        "layernum[1,1]_bsz8_seq[512,512]_rank7_act_peak": 245.07080078125,
        "layernum[2,1]_bsz8_seq[512,512]_rank0_ms": 538.69775390625,
        "layernum[2,1]_bsz8_seq[512,512]_rank0_act": 231.18603515625,
        "layernum[2,1]_bsz8_seq[512,512]_rank0_act_peak": 277.81201171875,
        "layernum[2,1]_bsz8_seq[512,512]_rank7_ms": 538.38525390625,
        "layernum[2,1]_bsz8_seq[512,512]_rank7_act": 231.18603515625,
        "layernum[2,1]_bsz8_seq[512,512]_rank7_act_peak": 278.12451171875,
        "layernum[1,2]_bsz8_seq[512,512]_rank0_ms": 569.81689453125,
        "layernum[1,2]_bsz8_seq[512,512]_rank0_act": 254.37841796875,
        "layernum[1,2]_bsz8_seq[512,512]_rank0_act_peak": 325.35986328125,
        "layernum[1,2]_bsz8_seq[512,512]_rank7_ms": 569.81689453125,
        "layernum[1,2]_bsz8_seq[512,512]_rank7_act": 254.37841796875,
        "layernum[1,2]_bsz8_seq[512,512]_rank7_act_peak": 325.35986328125
    },
    "1_4_2_sp": {
        "layernum[1,1]_bsz8_seq[512,512]_rank0_ms": 439.16650390625,
        "layernum[1,1]_bsz8_seq[512,512]_rank0_act": 174.76171875,
        "layernum[1,1]_bsz8_seq[512,512]_rank0_act_peak": 236.4326171875,
        "layernum[1,1]_bsz8_seq[512,512]_rank7_ms": 439.16650390625,
        "layernum[1,1]_bsz8_seq[512,512]_rank7_act": 174.76171875,
        "layernum[1,1]_bsz8_seq[512,512]_rank7_act_peak": 236.4326171875,
        "layernum[2,1]_bsz8_seq[512,512]_rank0_ms": 534.32470703125,
        "layernum[2,1]_bsz8_seq[512,512]_rank0_act": 231.7822265625,
        "layernum[2,1]_bsz8_seq[512,512]_rank0_act_peak": 269.119140625,
        "layernum[2,1]_bsz8_seq[512,512]_rank7_ms": 534.32470703125,
        "layernum[2,1]_bsz8_seq[512,512]_rank7_act": 231.7822265625,
        "layernum[2,1]_bsz8_seq[512,512]_rank7_act_peak": 269.119140625,
        "layernum[1,2]_bsz8_seq[512,512]_rank0_ms": 566.80126953125,
        "layernum[1,2]_bsz8_seq[512,512]_rank0_act": 253.734375,
        "layernum[1,2]_bsz8_seq[512,512]_rank0_act_peak": 274.837890625,
        "layernum[1,2]_bsz8_seq[512,512]_rank7_ms": 566.80126953125,
        "layernum[1,2]_bsz8_seq[512,512]_rank7_act": 253.734375,
        "layernum[1,2]_bsz8_seq[512,512]_rank7_act_peak": 274.837890625
    },
    "1_4_2_vtp_sp": {
        "layernum[1,1]_bsz8_seq[512,512]_rank0_ms": 452.34814453125,
        "layernum[1,1]_bsz8_seq[512,512]_rank0_act": 174.44775390625,
        "layernum[1,1]_bsz8_seq[512,512]_rank0_act_peak": 189.05029296875,
        "layernum[1,1]_bsz8_seq[512,512]_rank7_ms": 452.34814453125,
        "layernum[1,1]_bsz8_seq[512,512]_rank7_act": 174.13525390625,
        "layernum[1,1]_bsz8_seq[512,512]_rank7_act_peak": 188.73779296875,
        "layernum[2,1]_bsz8_seq[512,512]_rank0_ms": 548.55908203125,
        "layernum[2,1]_bsz8_seq[512,512]_rank0_act": 231.20654296875,
        "layernum[2,1]_bsz8_seq[512,512]_rank0_act_peak": 222.10009765625,
        "layernum[2,1]_bsz8_seq[512,512]_rank7_ms": 548.55908203125,
        "layernum[2,1]_bsz8_seq[512,512]_rank7_act": 231.20654296875,
        "layernum[2,1]_bsz8_seq[512,512]_rank7_act_peak": 222.10009765625,
        "layernum[1,2]_bsz8_seq[512,512]_rank0_ms": 580.59814453125,
        "layernum[1,2]_bsz8_seq[512,512]_rank0_act": 253.77392578125,
        "layernum[1,2]_bsz8_seq[512,512]_rank0_act_peak": 252.68896484375,
        "layernum[1,2]_bsz8_seq[512,512]_rank7_ms": 580.91064453125,
        "layernum[1,2]_bsz8_seq[512,512]_rank7_act": 253.77392578125,
        "layernum[1,2]_bsz8_seq[512,512]_rank7_act_peak": 252.37646484375
    },
    "1_8_1_sp": {
        "layernum[1,1]_bsz8_seq[512,512]_rank0_ms": 442.31689453125,
        "layernum[1,1]_bsz8_seq[512,512]_rank0_act": 174.095703125,
        "layernum[1,1]_bsz8_seq[512,512]_rank0_act_peak": 227.2109375,
        "layernum[1,1]_bsz8_seq[512,512]_rank7_ms": 442.31689453125,
        "layernum[1,1]_bsz8_seq[512,512]_rank7_act": 174.095703125,
        "layernum[1,1]_bsz8_seq[512,512]_rank7_act_peak": 227.2109375,
        "layernum[2,1]_bsz8_seq[512,512]_rank0_ms": 538.12158203125,
        "layernum[2,1]_bsz8_seq[512,512]_rank0_act": 231.8623046875,
        "layernum[2,1]_bsz8_seq[512,512]_rank0_act_peak": 260.9482421875,
        "layernum[2,1]_bsz8_seq[512,512]_rank7_ms": 538.12158203125,
        "layernum[2,1]_bsz8_seq[512,512]_rank7_act": 231.7333984375,
        "layernum[2,1]_bsz8_seq[512,512]_rank7_act_peak": 260.8193359375,
        "layernum[1,2]_bsz8_seq[512,512]_rank0_ms": 570.83056640625,
        "layernum[1,2]_bsz8_seq[512,512]_rank0_act": 253.974609375,
        "layernum[1,2]_bsz8_seq[512,512]_rank0_act_peak": 275.046875,
        "layernum[1,2]_bsz8_seq[512,512]_rank7_ms": 570.83056640625,
        "layernum[1,2]_bsz8_seq[512,512]_rank7_act": 253.974609375,
        "layernum[1,2]_bsz8_seq[512,512]_rank7_act_peak": 275.046875
    },
    "1_8_1_vtp_sp": {
        "layernum[1,1]_bsz8_seq[512,512]_rank0_ms": 474.05126953125,
        "layernum[1,1]_bsz8_seq[512,512]_rank0_act": 174.80126953125,
        "layernum[1,1]_bsz8_seq[512,512]_rank0_act_peak": 161.20654296875,