{
    "layernum[4]_bsz2": 76.24347229003905,
    "layernum[8]_bsz2": 140.44330749511718,
    "layertype_0": 9.0065993309021,
    "layernum[4]_bsz1": 42.89204444885254,
    "layernum[8]_bsz1": 78.91844177246094
}