{
    "layernum[1]_bsz1_seq4096": 45.61296348571777,
    "layernum[1]_bsz1_seq8192": 84.72667922973633,
    "layernum[1]_bsz1_seq12288": 126.05830383300781,
    "layernum[1]_bsz1_seq16384": 173.8589874267578,
    "layernum[1]_bsz1_seq20480": 212.65643768310542,
    "layernum[1]_bsz1_seq24576": 260.3837417602539,
    "layernum[1]_bsz1_seq28672": 303.55413208007815,
    "layernum[1]_bsz1_seq32768": 348.99433898925787,
    "layernum[2]_bsz1_seq4096": 56.78504333496094,
    "layernum[2]_bsz1_seq8192": 113.18091049194334,
    "layernum[2]_bsz1_seq12288": 165.49309692382812,
    "layernum[2]_bsz1_seq16384": 226.46562652587892,
    "layernum[2]_bsz1_seq20480": 283.4093292236329,
    "layernum[2]_bsz1_seq24576": 343.0808563232422,
    "layernum[2]_bsz1_seq28672": 409.6926330566406,
    "layernum[2]_bsz1_seq32768": 472.19422912597656,
    "layertype_0_bsz1_seq4096": 12.4057201385498,
    "layertype_other_0_bsz1_seq4096": 31.97360305786134,
    "layertype_0_bsz1_seq8192": 28.454231262207003,
    "layertype_other_0_bsz1_seq8192": 56.27244796752933,
    "layertype_0_bsz1_seq12288": 39.43479309082031,
    "layertype_other_0_bsz1_seq12288": 86.6235107421875,
    "layertype_0_bsz1_seq16384": 52.60663909912111,
    "layertype_other_0_bsz1_seq16384": 121.2523483276367,
    "layertype_0_bsz1_seq20480": 70.75289154052746,
    "layertype_other_0_bsz1_seq20480": 141.90354614257797,
    "layertype_0_bsz1_seq24576": 82.6971145629883,
    "layertype_other_0_bsz1_seq24576": 177.68662719726558,
    "layertype_0_bsz1_seq28672": 106.13850097656245,
    "layertype_other_0_bsz1_seq28672": 197.4156311035157,
    "layertype_0_bsz1_seq32768": 123.1998901367187,
    "layertype_other_0_bsz1_seq32768": 225.79444885253918,
    "layernum[2]_bsz2_seq4096": 105.94930801391602,
    "layernum[2]_bsz3_seq4096": 154.13173370361326,
    "layernum[2]_bsz4_seq4096": 205.84587402343746,
    "layernum[2]_bsz5_seq4096": 254.65832366943357,
    "layernum[2]_bsz6_seq4096": 303.82422180175786,
    "layernum[2]_bsz7_seq4096": 351.6025604248047,
    "layernum[2]_bsz8_seq4096": 397.8879272460938,
    "layernum[2]_bsz9_seq4096": 447.52890319824223,
    "layernum[2]_bsz10_seq4096": 497.7088653564453,
    "layernum[4]_bsz1_seq4096": 81.59648361206054,
    "layernum[4]_bsz2_seq4096": 152.3643768310547,
    "layernum[4]_bsz3_seq4096": 225.4001556396484,
    "layernum[4]_bsz4_seq4096": 295.06984252929686,
    "layernum[4]_bsz5_seq4096": 364.5030181884765,
    "layernum[4]_bsz6_seq4096": 433.8601928710938,
    "layernum[4]_bsz7_seq4096": 508.1806396484374,
    "layernum[4]_bsz8_seq4096": 577.403973388672,
    "layernum[4]_bsz9_seq4096": 649.7438232421875,
    "layernum[4]_bsz10_seq4096": 722.4481384277344,
    "layertype_0_bsz2_seq4096": 11.603767204284669,
    "layertype_other_0_bsz2_seq4096": 29.767119598388675,
    "layertype_0_bsz3_seq4096": 11.878070322672523,
    "layertype_other_0_bsz3_seq4096": 27.621103922526043,
    "layertype_0_bsz4_seq4096": 11.152996063232425,
    "layertype_other_0_bsz4_seq4096": 29.155476379394514,
    "layertype_0_bsz5_seq4096": 10.984469451904294,
    "layertype_other_0_bsz5_seq4096": 28.962725830078124,
    "layertype_0_bsz6_seq4096": 10.83633092244466,
    "layertype_other_0_bsz6_seq4096": 28.964708455403656,
    "layertype_0_bsz7_seq4096": 11.184148515973764,
    "layertype_other_0_bsz7_seq4096": 27.860640171596003,
    "layertype_0_bsz8_seq4096": 11.219752883911134,
    "layertype_other_0_bsz8_seq4096": 27.296485137939456,
    "layertype_0_bsz9_seq4096": 11.234162224663628,
    "layertype_other_0_bsz9_seq4096": 27.257109239366326,
    "layertype_0_bsz10_seq4096": 11.236963653564455,
    "layertype_other_0_bsz10_seq4096": 27.296959228515618
}