{
    "layernum[6]_bsz2": 77.27328643798828,
    "layernum[12]_bsz2": 143.17074584960938,
    "layertype_0": 4.789421272277832,
    "layernum[2]_bsz2": 32.49697589874268,
    "layernum[4]_bsz2": 53.60628166198731,
    "layernum[2]_bsz16": 213.3277130126953,
    "layernum[4]_bsz16": 1290.9112548828123,
    "layernum[2]_bsz8": 243.6263610839844,
    "layernum[4]_bsz8": 177.5094467163086
}