{
    "1_1_8": {
        "layernum[1]_bsz8_rank0_ms": 1247.04052734375,
        "layernum[1]_bsz8_rank0_act": 908.216796875,
        "layernum[1]_bsz8_rank0_act_peak": 1919.396484375,
        "layernum[1]_bsz8_rank7_ms": 1247.04052734375,
        "layernum[1]_bsz8_rank7_act": 908.216796875,
        "layernum[1]_bsz8_rank7_act_peak": 1919.396484375,
        "layernum[2]_bsz8_rank0_ms": 1853.55078125,
        "layernum[2]_bsz8_rank0_act": 1446.5458984375,
        "layernum[2]_bsz8_rank0_act_peak": 2599.2255859375,
        "layernum[2]_bsz8_rank7_ms": 1853.55078125,
        "layernum[2]_bsz8_rank7_act": 1446.5458984375,
        "layernum[2]_bsz8_rank7_act_peak": 2599.2255859375,
        "layernum[1]_bsz16_rank0_ms": 1247.05615234375,
        "layernum[1]_bsz16_rank0_act": 1854.4306640625,
        "layernum[1]_bsz16_rank0_act_peak": 2898.49609375,
        "layernum[1]_bsz16_rank7_ms": 1247.05615234375,
        "layernum[1]_bsz16_rank7_act": 1854.4306640625,
        "layernum[1]_bsz16_rank7_act_peak": 2898.49609375,
        "layernum[2]_bsz16_rank0_ms": 1853.56640625,
        "layernum[2]_bsz16_rank0_act": 2969.7080078125,
        "layernum[2]_bsz16_rank0_act_peak": 3861.7734375,
        "layernum[2]_bsz16_rank7_ms": 1853.56640625,
        "layernum[2]_bsz16_rank7_act": 2969.7080078125,
        "layernum[2]_bsz16_rank7_act_peak": 3861.7734375
    },
    "1_2_4": {
        "layernum[1]_bsz8_rank0_ms": 1247.79541015625,
        "layernum[1]_bsz8_rank0_act": 1168.232421875,
        "layernum[1]_bsz8_rank0_act_peak": 1672.24560546875,
        "layernum[1]_bsz8_rank7_ms": 1247.79541015625,
        "layernum[1]_bsz8_rank7_act": 1168.84765625,
        "layernum[1]_bsz8_rank7_act_peak": 1672.86083984375,
        "layernum[2]_bsz8_rank0_ms": 1854.3154296875,
        "layernum[2]_bsz8_rank0_act": 1966.5771484375,
        "layernum[2]_bsz8_rank0_act_peak": 2318.59033203125,
        "layernum[2]_bsz8_rank7_ms": 1854.3154296875,
        "layernum[2]_bsz8_rank7_act": 1966.5771484375,
        "layernum[2]_bsz8_rank7_act_peak": 2318.59033203125,
        "layernum[1]_bsz16_rank0_ms": 1247.81103515625,
        "layernum[1]_bsz16_rank0_act": 2334.4619140625,
        "layernum[1]_bsz16_rank0_act_peak": 3378.52734375,
        "layernum[1]_bsz16_rank7_ms": 1247.81103515625,
        "layernum[1]_bsz16_rank7_act": 2334.4619140625,
        "layernum[1]_bsz16_rank7_act_peak": 3378.52734375,
        "layernum[2]_bsz16_rank0_ms": 1854.3310546875,
        "layernum[2]_bsz16_rank0_act": 3929.150390625,
        "layernum[2]_bsz16_rank0_act_peak": 4821.4599609375,
        "layernum[2]_bsz16_rank7_ms": 1854.3310546875,
        "layernum[2]_bsz16_rank7_act": 3929.150390625,
        "layernum[2]_bsz16_rank7_act_peak": 4821.4599609375
    },
    "1_4_2": {
        "layernum[1]_bsz8_rank0_ms": 1247.08447265625,
        "layernum[1]_bsz8_rank0_act": 1648.263671875,
        "layernum[1]_bsz8_rank0_act_peak": 2152.27685546875,
        "layernum[1]_bsz8_rank7_ms": 1247.08447265625,
        "layernum[1]_bsz8_rank7_act": 1648.263671875,
        "layernum[1]_bsz8_rank7_act_peak": 2152.27685546875,
        "layernum[2]_bsz8_rank0_ms": 1852.8935546875,
        "layernum[2]_bsz8_rank0_act": 2926.6396484375,
        "layernum[2]_bsz8_rank0_act_peak": 3278.65283203125,
        "layernum[2]_bsz8_rank7_ms": 1852.8935546875,
        "layernum[2]_bsz8_rank7_act": 2926.6396484375,
        "layernum[2]_bsz8_rank7_act_peak": 3278.65283203125,
        "layernum[1]_bsz16_rank0_ms": 1247.10009765625,
        "layernum[1]_bsz16_rank0_act": 3294.5244140625,
        "layernum[1]_bsz16_rank0_act_peak": 4338.833984375,
        "layernum[1]_bsz16_rank7_ms": 1247.10009765625,
        "layernum[1]_bsz16_rank7_act": 3295.0048828125,
        "layernum[1]_bsz16_rank7_act_peak": 4339.314453125,
        "layernum[2]_bsz16_rank0_ms": 1853.6201171875,
        "layernum[2]_bsz16_rank0_act": 5849.275390625,
        "layernum[2]_bsz16_rank0_act_peak": 6741.3408203125,
        "layernum[2]_bsz16_rank7_ms": 1853.6201171875,
        "layernum[2]_bsz16_rank7_act": 5849.275390625,
        "layernum[2]_bsz16_rank7_act_peak": 6741.5849609375
    },
    "1_8_1": {
        "layernum[1]_bsz8_rank0_ms": 1247.14306640625,
        "layernum[1]_bsz8_rank0_act": 2609.912109375,
        "layernum[1]_bsz8_rank0_act_peak": 3352.3876953125,
        "layernum[1]_bsz8_rank7_ms": 1247.14306640625,
        "layernum[1]_bsz8_rank7_act": 2609.326171875,
        "layernum[1]_bsz8_rank7_act_peak": 3351.3876953125,
        "layernum[2]_bsz8_rank0_ms": 1853.0576171875,
        "layernum[2]_bsz8_rank0_act": 4846.7646484375,
        "layernum[2]_bsz8_rank0_act_peak": 5201.326171875,
        "layernum[2]_bsz8_rank7_ms": 1853.0576171875,
        "layernum[2]_bsz8_rank7_act": 4846.7646484375,
        "layernum[2]_bsz8_rank7_act_peak": 5201.326171875,
        "layernum[1]_bsz16_rank0_ms": 1247.15869140625,
        "layernum[1]_bsz16_rank0_act": 5214.6494140625,
        "layernum[1]_bsz16_rank0_act_peak": 6491.7626953125,
        "layernum[1]_bsz16_rank7_ms": 1247.15869140625,
        "layernum[1]_bsz16_rank7_act": 5214.6494140625,
        "layernum[1]_bsz16_rank7_act_peak": 6491.7626953125,
        "layernum[2]_bsz16_rank0_ms": 1853.0263671875,
        "layernum[2]_bsz16_rank0_act": 9689.525390625,
        "layernum[2]_bsz16_rank0_act_peak": 10581.5908203125,
        "layernum[2]_bsz16_rank7_ms": 1853.0263671875,
        "layernum[2]_bsz16_rank7_act": 9689.525390625,
        "layernum[2]_bsz16_rank7_act_peak": 10581.5908203125
    },
    "1_1_8_c": {
        "layernum[1]_bsz8_rank0_ms": 1247.04052734375,
        "layernum[1]_bsz8_rank0_act": 393.8876953125,
        "layernum[1]_bsz8_rank0_act_peak": 1983.396484375,
        "layernum[1]_bsz8_rank7_ms": 1247.04052734375,
        "layernum[1]_bsz8_rank7_act": 393.8876953125,
        "layernum[1]_bsz8_rank7_act_peak": 1983.396484375,
        "layernum[2]_bsz8_rank0_ms": 1853.55078125,
        "layernum[2]_bsz8_rank0_act": 417.8876953125,
        "layernum[2]_bsz8_rank0_act_peak": 2148.896484375,
        "layernum[2]_bsz8_rank7_ms": 1853.55078125,
        "layernum[2]_bsz8_rank7_act": 417.8876953125,
        "layernum[2]_bsz8_rank7_act_peak": 2148.896484375,
        "layernum[1]_bsz16_rank0_ms": 1247.05615234375,
        "layernum[1]_bsz16_rank0_act": 783.7734375,
        "layernum[1]_bsz16_rank0_act_peak": 2278.0341796875,
        "layernum[1]_bsz16_rank7_ms": 1247.05615234375,
        "layernum[1]_bsz16_rank7_act": 783.7734375,
        "layernum[1]_bsz16_rank7_act_peak": 2278.0341796875,
        "layernum[2]_bsz16_rank0_ms": 1853.56640625,
        "layernum[2]_bsz16_rank0_act": 827.7734375,
        "layernum[2]_bsz16_rank0_act_peak": 2463.5341796875,
        "layernum[2]_bsz16_rank7_ms": 1853.56640625,
        "layernum[2]_bsz16_rank7_act": 827.7734375,
        "layernum[2]_bsz16_rank7_act_peak": 2463.5341796875
    },
    "2_1_4": {
        "layernum[2]_bsz8_rank0_ms": 1851.3212890625,
        "layernum[2]_bsz8_rank0_act": 1154.65771484375,
        "layernum[2]_bsz8_rank0_act_peak": 1692.96044921875,
        "layernum[2]_bsz8_rank7_ms": 1851.3408203125,
        "layernum[2]_bsz8_rank7_act": 1894.4619140625,
        "layernum[2]_bsz8_rank7_act_peak": 2788.01513671875,
        "layernum[2]_bsz16_rank0_ms": 1851.3212890625,
        "layernum[2]_bsz16_rank0_act": 1154.65771484375,
        "layernum[2]_bsz16_rank0_act_peak": 1692.96044921875,
        "layernum[2]_bsz16_rank7_ms": 1851.3408203125,
        "layernum[2]_bsz16_rank7_act": 1894.4619140625,
        "layernum[2]_bsz16_rank7_act_peak": 2788.01513671875
    },
    "2_2_2": {
        "layernum[2]_bsz8_rank0_ms": 1851.3603515625,
        "layernum[2]_bsz8_rank0_act": 1674.72021484375,
        "layernum[2]_bsz8_rank0_act_peak": 1882.56396484375,
        "layernum[2]_bsz8_rank7_ms": 1851.3798828125,
        "layernum[2]_bsz8_rank7_act": 2414.5244140625,
        "layernum[2]_bsz8_rank7_act_peak": 3308.06787109375,