{
    "layernum[1]_bsz1_seq128": 5.26021113395691,
    "layernum[1]_bsz1_seq256": 5.263491201400757,
    "layernum[1]_bsz1_seq384": 5.266764831542968,
    "layernum[1]_bsz1_seq512": 5.271971178054809,
    "layernum[1]_bsz1_seq640": 5.1047135353088375,
    "layernum[1]_bsz1_seq768": 5.256025648117066,
    "layernum[1]_bsz1_seq896": 5.075385570526123,
    "layernum[1]_bsz1_seq1024": 5.2229215621948235,
    "layernum[1]_bsz1_seq1152": 5.252585601806641,
    "layernum[1]_bsz1_seq1280": 5.421974372863771,
    "layernum[1]_bsz1_seq1408": 5.564476776123048,
    "layernum[1]_bsz1_seq1536": 5.788556814193725,
    "layernum[1]_bsz1_seq1664": 5.95279679298401,
    "layernum[1]_bsz1_seq1792": 6.104076862335205,
    "layernum[1]_bsz1_seq1920": 6.236182403564452,
    "layernum[1]_bsz1_seq2048": 6.326083183288575,
    "layernum[1]_bsz1_seq2176": 6.512947225570678,
    "layernum[1]_bsz1_seq2304": 6.7455840587615965,
    "layernum[1]_bsz1_seq2432": 7.024950361251831,
    "layernum[1]_bsz1_seq2560": 7.30987524986267,
    "layernum[1]_bsz1_seq2688": 7.606508827209472,
    "layernum[1]_bsz1_seq2816": 7.986454439163206,
    "layernum[1]_bsz1_seq2944": 8.263680171966552,
    "layernum[1]_bsz1_seq3072": 8.92084484100342,
    "layernum[1]_bsz1_seq3200": 8.842841529846192,
    "layernum[1]_bsz1_seq3328": 9.224435234069825,
    "layernum[1]_bsz1_seq3456": 9.93277759552002,
    "layernum[1]_bsz1_seq3584": 9.836697578430174,
    "layernum[1]_bsz1_seq3712": 10.132745456695558,
    "layernum[1]_bsz1_seq3840": 10.456383800506593,
    "layernum[1]_bsz1_seq3968": 10.851059341430664,
    "layernum[1]_bsz1_seq4096": 11.088447952270508,
    "layernum[2]_bsz1_seq128": 7.159750366210938,
    "layernum[2]_bsz1_seq256": 7.16015682220459,
    "layernum[2]_bsz1_seq384": 7.100755167007446,
    "layernum[2]_bsz1_seq512": 7.205180740356446,
    "layernum[2]_bsz1_seq640": 7.126044797897339,
    "layernum[2]_bsz1_seq768": 7.213094282150269,
    "layernum[2]_bsz1_seq896": 7.150422430038453,
    "layernum[2]_bsz1_seq1024": 7.2901696205139155,
    "layernum[2]_bsz1_seq1152": 7.186009693145752,
    "layernum[2]_bsz1_seq1280": 7.402502393722535,
    "layernum[2]_bsz1_seq1408": 7.430281591415406,
    "layernum[2]_bsz1_seq1536": 7.817049598693847,
    "layernum[2]_bsz1_seq1664": 7.9636479854583735,
    "layernum[2]_bsz1_seq1792": 7.829769611358641,
    "layernum[2]_bsz1_seq1920": 8.113843250274657,
    "layernum[2]_bsz1_seq2048": 8.084723186492921,
    "layernum[2]_bsz1_seq2176": 8.456195259094239,
    "layernum[2]_bsz1_seq2304": 8.699622440338135,
    "layernum[2]_bsz1_seq2432": 8.96559362411499,
    "layernum[2]_bsz1_seq2560": 9.409750366210938,
    "layernum[2]_bsz1_seq2688": 9.967721557617189,
    "layernum[2]_bsz1_seq2816": 10.515152072906496,
    "layernum[2]_bsz1_seq2944": 10.854972743988037,
    "layernum[2]_bsz1_seq3072": 11.454015922546386,
    "layernum[2]_bsz1_seq3200": 12.088908863067626,
    "layernum[2]_bsz1_seq3328": 12.271059131622314,
    "layernum[2]_bsz1_seq3456": 12.85032329559326,
    "layernum[2]_bsz1_seq3584": 13.38088960647583,
    "layernum[2]_bsz1_seq3712": 14.096361541748047,
    "layernum[2]_bsz1_seq3840": 15.032438373565677,
    "layernum[2]_bsz1_seq3968": 15.322499179840085,
    "layernum[2]_bsz1_seq4096": 15.649705696105958,
    "layertype_0_bsz1_seq128": 1.8995392322540274,
    "layertype_other_0_bsz1_seq128": 3.360671901702883,
    "layertype_0_bsz1_seq256": 1.8966656208038337,
    "layertype_other_0_bsz1_seq256": 3.366825580596923,
    "layertype_0_bsz1_seq384": 1.8339903354644775,
    "layertype_other_0_bsz1_seq384": 3.4327744960784905,
    "layertype_0_bsz1_seq512": 1.933209562301637,
    "layertype_other_0_bsz1_seq512": 3.338761615753172,
    "layertype_0_bsz1_seq640": 2.021331262588501,
    "layertype_other_0_bsz1_seq640": 3.0833822727203364,
    "layertype_0_bsz1_seq768": 1.9570686340332033,
    "layertype_other_0_bsz1_seq768": 3.2989570140838627,
    "layertype_0_bsz1_seq896": 2.0750368595123296,
    "layertype_other_0_bsz1_seq896": 3.0003487110137934,
    "layertype_0_bsz1_seq1024": 2.067248058319092,
    "layertype_other_0_bsz1_seq1024": 3.1556735038757315,
    "layertype_0_bsz1_seq1152": 1.933424091339111,
    "layertype_other_0_bsz1_seq1152": 3.31916151046753,
    "layertype_0_bsz1_seq1280": 1.9805280208587641,
    "layertype_other_0_bsz1_seq1280": 3.4414463520050065,
    "layertype_0_bsz1_seq1408": 1.8658048152923588,
    "layertype_other_0_bsz1_seq1408": 3.698671960830689,
    "layertype_0_bsz1_seq1536": 2.0284927845001226,
    "layertype_other_0_bsz1_seq1536": 3.760064029693602,
    "layertype_0_bsz1_seq1664": 2.0108511924743633,
    "layertype_other_0_bsz1_seq1664": 3.941945600509647,
    "layertype_0_bsz1_seq1792": 1.7256927490234357,
    "layertype_other_0_bsz1_seq1792": 4.378384113311769,
    "layertype_0_bsz1_seq1920": 1.8776608467102047,
    "layertype_other_0_bsz1_seq1920": 4.358521556854248,
    "layertype_0_bsz1_seq2048": 1.7586400032043459,
    "layertype_other_0_bsz1_seq2048": 4.567443180084229,
    "layertype_0_bsz1_seq2176": 1.9432480335235605,
    "layertype_other_0_bsz1_seq2176": 4.569699192047118,
    "layertype_0_bsz1_seq2304": 1.954038381576539,
    "layertype_other_0_bsz1_seq2304": 4.7915456771850575,
    "layertype_0_bsz1_seq2432": 1.9406432628631585,
    "layertype_other_0_bsz1_seq2432": 5.084307098388672,
    "layertype_0_bsz1_seq2560": 2.099875116348268,
    "layertype_other_0_bsz1_seq2560": 5.210000133514402,
    "layertype_0_bsz1_seq2688": 2.3612127304077166,
    "layertype_other_0_bsz1_seq2688": 5.245296096801756,
    "layertype_0_bsz1_seq2816": 2.528697633743289,
    "layertype_other_0_bsz1_seq2816": 5.457756805419917,
    "layertype_0_bsz1_seq2944": 2.5912925720214854,
    "layertype_other_0_bsz1_seq2944": 5.672387599945067,
    "layertype_0_bsz1_seq3072": 2.5331710815429656,
    "layertype_other_0_bsz1_seq3072": 6.387673759460455,
    "layertype_0_bsz1_seq3200": 3.2460673332214345,
    "layertype_other_0_bsz1_seq3200": 5.596774196624757,
    "layertype_0_bsz1_seq3328": 3.0466238975524895,
    "layertype_other_0_bsz1_seq3328": 6.177811336517335,
    "layertype_0_bsz1_seq3456": 2.917545700073239,
    "layertype_other_0_bsz1_seq3456": 7.015231895446782,
    "layertype_0_bsz1_seq3584": 3.5441920280456554,
    "layertype_other_0_bsz1_seq3584": 6.292505550384519,
    "layertype_0_bsz1_seq3712": 3.9636160850524895,
    "layertype_other_0_bsz1_seq3712": 6.169129371643068,
    "layertype_0_bsz1_seq3840": 4.576054573059084,
    "layertype_other_0_bsz1_seq3840": 5.880329227447509,
    "layertype_0_bsz1_seq3968": 4.47143983840942,
    "layertype_other_0_bsz1_seq3968": 6.379619503021244,
    "layertype_0_bsz1_seq4096": 4.56125774383545,
    "layertype_other_0_bsz1_seq4096": 6.527190208435059
}