{
    "layernum[1]_bsz1_seq128": 5.0862943649291985,
    "layernum[1]_bsz1_seq256": 5.210601520538331,
    "layernum[1]_bsz1_seq384": 5.233248090744018,
    "layernum[1]_bsz1_seq512": 5.288931226730347,
    "layernum[1]_bsz1_seq640": 5.23787841796875,
    "layernum[1]_bsz1_seq768": 5.242915201187134,
    "layernum[1]_bsz1_seq896": 5.262185573577881,
    "layernum[1]_bsz1_seq1024": 5.231417560577392,
    "layernum[2]_bsz1_seq128": 6.953580856323242,
    "layernum[2]_bsz1_seq256": 7.150591945648194,
    "layernum[2]_bsz1_seq384": 7.12454080581665,
    "layernum[2]_bsz1_seq512": 7.062659215927124,
    "layernum[2]_bsz1_seq640": 7.113542366027832,
    "layernum[2]_bsz1_seq768": 7.166080045700072,
    "layernum[2]_bsz1_seq896": 7.095120000839232,
    "layernum[2]_bsz1_seq1024": 7.289615964889526,
    "layertype_0_bsz1_seq128": 1.8672864913940437,
    "layertype_other_0_bsz1_seq128": 3.219007873535155,
    "layertype_0_bsz1_seq256": 1.9399904251098627,
    "layertype_other_0_bsz1_seq256": 3.2706110954284684,
    "layertype_0_bsz1_seq384": 1.8912927150726322,
    "layertype_other_0_bsz1_seq384": 3.341955375671386,
    "layertype_0_bsz1_seq512": 1.773727989196777,
    "layertype_other_0_bsz1_seq512": 3.5152032375335702,
    "layertype_0_bsz1_seq640": 1.8756639480590822,
    "layertype_other_0_bsz1_seq640": 3.3622144699096674,
    "layertype_0_bsz1_seq768": 1.9231648445129386,
    "layertype_other_0_bsz1_seq768": 3.319750356674195,
    "layertype_0_bsz1_seq896": 1.8329344272613515,
    "layertype_other_0_bsz1_seq896": 3.4292511463165294,
    "layertype_0_bsz1_seq1024": 2.058198404312134,
    "layertype_other_0_bsz1_seq1024": 3.173219156265258
}