{
    "1_1_8_sp": {
        "layernum[1]_bsz8_seq128_rank0_ms": 160.908203125,
        "layernum[1]_bsz8_seq128_rank0_act": 13.86767578125,
        "layernum[1]_bsz8_seq128_rank0_act_peak": 175.0751953125,
        "layernum[1]_bsz8_seq128_rank7_ms": 160.908203125,
        "layernum[1]_bsz8_seq128_rank7_act": 13.86767578125,
        "layernum[1]_bsz8_seq128_rank7_act_peak": 175.0751953125,
        "layernum[2]_bsz8_seq128_rank0_ms": 181.35302734375,
        "layernum[2]_bsz8_seq128_rank0_act": 18.88525390625,
        "layernum[2]_bsz8_seq128_rank0_act_peak": 175.18701171875,
        "layernum[2]_bsz8_seq128_rank7_ms": 181.35302734375,
        "layernum[2]_bsz8_seq128_rank7_act": 18.88525390625,
        "layernum[2]_bsz8_seq128_rank7_act_peak": 175.18701171875,
        "layernum[1]_bsz8_seq256_rank0_ms": 162.96142578125,
        "layernum[1]_bsz8_seq256_rank0_act": 32.63720703125,
        "layernum[1]_bsz8_seq256_rank0_act_peak": 185.19873046875,
        "layernum[1]_bsz8_seq256_rank7_ms": 162.96142578125,
        "layernum[1]_bsz8_seq256_rank7_act": 32.63720703125,
        "layernum[1]_bsz8_seq256_rank7_act_peak": 185.19873046875,
        "layernum[2]_bsz8_seq256_rank0_ms": 183.54345703125,
        "layernum[2]_bsz8_seq256_rank0_act": 45.13330078125,
        "layernum[2]_bsz8_seq256_rank0_act_peak": 192.68896484375,
        "layernum[2]_bsz8_seq256_rank7_ms": 183.54345703125,
        "layernum[2]_bsz8_seq256_rank7_act": 45.13330078125,
        "layernum[2]_bsz8_seq256_rank7_act_peak": 192.68896484375,
        "layernum[1]_bsz8_seq512_rank0_ms": 168.1689453125,
        "layernum[1]_bsz8_seq512_rank0_act": 70.6513671875,
        "layernum[1]_bsz8_seq512_rank0_act_peak": 207.5673828125,
        "layernum[1]_bsz8_seq512_rank7_ms": 168.1689453125,
        "layernum[1]_bsz8_seq512_rank7_act": 70.6513671875,
        "layernum[1]_bsz8_seq512_rank7_act_peak": 207.5673828125,
        "layernum[2]_bsz8_seq512_rank0_ms": 188.61376953125,
        "layernum[2]_bsz8_seq512_rank0_act": 107.5068359375,
        "layernum[2]_bsz8_seq512_rank0_act_peak": 238.49560546875,
        "layernum[2]_bsz8_seq512_rank7_ms": 188.61376953125,
        "layernum[2]_bsz8_seq512_rank7_act": 107.5068359375,
        "layernum[2]_bsz8_seq512_rank7_act_peak": 238.49560546875,
        "layernum[1]_bsz8_seq1024_rank0_ms": 195.29638671875,
        "layernum[1]_bsz8_seq1024_rank0_act": 182.79541015625,
        "layernum[1]_bsz8_seq1024_rank0_act_peak": 393.97119140625,
        "layernum[1]_bsz8_seq1024_rank7_ms": 195.29638671875,
        "layernum[1]_bsz8_seq1024_rank7_act": 182.79541015625,
        "layernum[1]_bsz8_seq1024_rank7_act_peak": 393.97119140625,
        "layernum[2]_bsz8_seq1024_rank0_ms": 214.77783203125,
        "layernum[2]_bsz8_seq1024_rank0_act": 293.36328125,
        "layernum[2]_bsz8_seq1024_rank0_act_peak": 499.533203125,
        "layernum[2]_bsz8_seq1024_rank7_ms": 214.77783203125,
        "layernum[2]_bsz8_seq1024_rank7_act": 293.36328125,
        "layernum[2]_bsz8_seq1024_rank7_act_peak": 499.533203125,
        "layernum[1]_bsz8_seq2048_rank0_ms": 291.8125,
        "layernum[1]_bsz8_seq2048_rank0_act": 527.13818359375,
        "layernum[1]_bsz8_seq2048_rank0_act_peak": 739.61767578125,
        "layernum[1]_bsz8_seq2048_rank7_ms": 291.8125,
        "layernum[1]_bsz8_seq2048_rank7_act": 527.13818359375,
        "layernum[1]_bsz8_seq2048_rank7_act_peak": 739.61767578125,
        "layernum[2]_bsz8_seq2048_rank0_ms": 311.28955078125,
        "layernum[2]_bsz8_seq2048_rank0_act": 910.70703125,
        "layernum[2]_bsz8_seq2048_rank0_act_peak": 1118.1806640625,
        "layernum[2]_bsz8_seq2048_rank7_ms": 311.28955078125,
        "layernum[2]_bsz8_seq2048_rank7_act": 910.70703125,
        "layernum[2]_bsz8_seq2048_rank7_act_peak": 1118.1806640625
    },
    "1_1_8_c_sp": {
        "layernum[1]_bsz8_seq128_rank0_ms": 160.908203125,
        "layernum[1]_bsz8_seq128_rank0_act": 9.11572265625,
        "layernum[1]_bsz8_seq128_rank0_act_peak": 170.3232421875,
        "layernum[1]_bsz8_seq128_rank7_ms": 160.908203125,
        "layernum[1]_bsz8_seq128_rank7_act": 9.11572265625,
        "layernum[1]_bsz8_seq128_rank7_act_peak": 170.3232421875,
        "layernum[2]_bsz8_seq128_rank0_ms": 181.35302734375,
        "layernum[2]_bsz8_seq128_rank0_act": 9.38134765625,
        "layernum[2]_bsz8_seq128_rank0_act_peak": 165.68310546875,
        "layernum[2]_bsz8_seq128_rank7_ms": 181.35302734375,
        "layernum[2]_bsz8_seq128_rank7_act": 9.38134765625,
        "layernum[2]_bsz8_seq128_rank7_act_peak": 165.68310546875,
        "layernum[1]_bsz8_seq256_rank0_ms": 162.96142578125,
        "layernum[1]_bsz8_seq256_rank0_act": 18.26025390625,
        "layernum[1]_bsz8_seq256_rank0_act_peak": 170.82177734375,
        "layernum[1]_bsz8_seq256_rank7_ms": 162.96142578125,
        "layernum[1]_bsz8_seq256_rank7_act": 18.26025390625,
        "layernum[1]_bsz8_seq256_rank7_act_peak": 170.82177734375,
        "layernum[2]_bsz8_seq256_rank0_ms": 183.54345703125,
        "layernum[2]_bsz8_seq256_rank0_act": 18.82275390625,
        "layernum[2]_bsz8_seq256_rank0_act_peak": 166.37841796875,
        "layernum[2]_bsz8_seq256_rank7_ms": 183.54345703125,
        "layernum[2]_bsz8_seq256_rank7_act": 18.82275390625,
        "layernum[2]_bsz8_seq256_rank7_act_peak": 166.37841796875,
        "layernum[1]_bsz8_seq512_rank0_ms": 168.1689453125,
        "layernum[1]_bsz8_seq512_rank0_act": 36.6435546875,
        "layernum[1]_bsz8_seq512_rank0_act_peak": 172.63818359375,
        "layernum[1]_bsz8_seq512_rank7_ms": 168.1689453125,
        "layernum[1]_bsz8_seq512_rank7_act": 36.6435546875,
        "layernum[1]_bsz8_seq512_rank7_act_peak": 172.63818359375,
        "layernum[2]_bsz8_seq512_rank0_ms": 188.61376953125,
        "layernum[2]_bsz8_seq512_rank0_act": 37.8935546875,
        "layernum[2]_bsz8_seq512_rank0_act_peak": 168.88232421875,
        "layernum[2]_bsz8_seq512_rank7_ms": 188.61376953125,
        "layernum[2]_bsz8_seq512_rank7_act": 37.8935546875,
        "layernum[2]_bsz8_seq512_rank7_act_peak": 168.88232421875,
        "layernum[1]_bsz8_seq1024_rank0_ms": 194.73583984375,
        "layernum[1]_bsz8_seq1024_rank0_act": 74.77978515625,
        "layernum[1]_bsz8_seq1024_rank0_act_peak": 285.95556640625,
        "layernum[1]_bsz8_seq1024_rank7_ms": 194.73583984375,
        "layernum[1]_bsz8_seq1024_rank7_act": 74.77978515625,
        "layernum[1]_bsz8_seq1024_rank7_act_peak": 285.95556640625,
        "layernum[2]_bsz8_seq1024_rank0_ms": 214.75927734375,
        "layernum[2]_bsz8_seq1024_rank0_act": 76.78564453125,
        "layernum[2]_bsz8_seq1024_rank0_act_peak": 282.95556640625,
        "layernum[2]_bsz8_seq1024_rank7_ms": 214.75927734375,
        "layernum[2]_bsz8_seq1024_rank7_act": 76.78564453125,
        "layernum[2]_bsz8_seq1024_rank7_act_peak": 282.95556640625,
        "layernum[1]_bsz8_seq2048_rank0_ms": 291.8125,
        "layernum[1]_bsz8_seq2048_rank0_act": 149.56982421875,
        "layernum[1]_bsz8_seq2048_rank0_act_peak": 630.36474609375,
        "layernum[1]_bsz8_seq2048_rank7_ms": 291.8125,
        "layernum[1]_bsz8_seq2048_rank7_act": 149.56982421875,
        "layernum[1]_bsz8_seq2048_rank7_act_peak": 630.36474609375,
        "layernum[2]_bsz8_seq2048_rank0_ms": 311.28955078125,
        "layernum[2]_bsz8_seq2048_rank0_act": 158.66455078125,
        "layernum[2]_bsz8_seq2048_rank0_act_peak": 631.67724609375,
        "layernum[2]_bsz8_seq2048_rank7_ms": 311.28955078125,
        "layernum[2]_bsz8_seq2048_rank7_act": 158.66455078125,
        "layernum[2]_bsz8_seq2048_rank7_act_peak": 631.67724609375
    },
    "2_1_4_sp": {
        "layernum[2]_bsz8_seq128_rank0_ms": 178.3173828125,
        "layernum[2]_bsz8_seq128_rank0_act": 11.78466796875,
        "layernum[2]_bsz8_seq128_rank0_act_peak": 151.02001953125,
        "layernum[2]_bsz8_seq128_rank7_ms": 180.9326171875,
        "layernum[2]_bsz8_seq128_rank7_act": 27.95556640625,
        "layernum[2]_bsz8_seq128_rank7_act_peak": 176.8076171875,