{
    "1_1_8_sp": {
        "layernum[1]_bsz8_seq128_rank0_ms": 122.31396484375,
        "layernum[1]_bsz8_seq128_rank0_act": 12.64892578125,
        "layernum[1]_bsz8_seq128_rank0_act_peak": 130.00390625,
        "layernum[1]_bsz8_seq128_rank7_ms": 122.31396484375,
        "layernum[1]_bsz8_seq128_rank7_act": 12.64892578125,
        "layernum[1]_bsz8_seq128_rank7_act_peak": 130.00390625,
        "layernum[2]_bsz8_seq128_rank0_ms": 136.13330078125,
        "layernum[2]_bsz8_seq128_rank0_act": 16.79150390625,
        "layernum[2]_bsz8_seq128_rank0_act_peak": 131.38623046875,
        "layernum[2]_bsz8_seq128_rank7_ms": 136.13330078125,
        "layernum[2]_bsz8_seq128_rank7_act": 16.79150390625,
        "layernum[2]_bsz8_seq128_rank7_act_peak": 131.38623046875,
        "layernum[1]_bsz8_seq256_rank0_ms": 123.4326171875,
        "layernum[1]_bsz8_seq256_rank0_act": 27.20166015625,
        "layernum[1]_bsz8_seq256_rank0_act_peak": 136.4765625,
        "layernum[1]_bsz8_seq256_rank7_ms": 123.4326171875,
        "layernum[1]_bsz8_seq256_rank7_act": 27.20166015625,
        "layernum[1]_bsz8_seq256_rank7_act_peak": 136.4765625,
        "layernum[2]_bsz8_seq256_rank0_ms": 139.0712890625,
        "layernum[2]_bsz8_seq256_rank0_act": 37.6376953125,
        "layernum[2]_bsz8_seq256_rank0_act_peak": 143.53271484375,
        "layernum[2]_bsz8_seq256_rank7_ms": 139.0712890625,
        "layernum[2]_bsz8_seq256_rank7_act": 37.6376953125,
        "layernum[2]_bsz8_seq256_rank7_act_peak": 143.53271484375,
        "layernum[1]_bsz8_seq512_rank0_ms": 127.70068359375,
        "layernum[1]_bsz8_seq512_rank0_act": 62.0263671875,
        "layernum[1]_bsz8_seq512_rank0_act_peak": 155.515625,
        "layernum[1]_bsz8_seq512_rank7_ms": 127.70068359375,
        "layernum[1]_bsz8_seq512_rank7_act": 62.0263671875,
        "layernum[1]_bsz8_seq512_rank7_act_peak": 155.515625,
        "layernum[2]_bsz8_seq512_rank0_ms": 142.0419921875,
        "layernum[2]_bsz8_seq512_rank0_act": 90.947265625,
        "layernum[2]_bsz8_seq512_rank0_act_peak": 181.056640625,
        "layernum[2]_bsz8_seq512_rank7_ms": 142.0419921875,
        "layernum[2]_bsz8_seq512_rank7_act": 90.947265625,
        "layernum[2]_bsz8_seq512_rank7_act_peak": 181.056640625,
        "layernum[1]_bsz8_seq1024_rank0_ms": 146.6142578125,
        "layernum[1]_bsz8_seq1024_rank0_act": 156.8017578125,
        "layernum[1]_bsz8_seq1024_rank0_act_peak": 341.2666015625,
        "layernum[1]_bsz8_seq1024_rank7_ms": 146.6142578125,
        "layernum[1]_bsz8_seq1024_rank7_act": 156.8017578125,
        "layernum[1]_bsz8_seq1024_rank7_act_peak": 341.2666015625,
        "layernum[2]_bsz8_seq1024_rank0_ms": 160.7900390625,
        "layernum[2]_bsz8_seq1024_rank0_act": 242.31494140625,
        "layernum[2]_bsz8_seq1024_rank0_act_peak": 423.39990234375,
        "layernum[2]_bsz8_seq1024_rank7_ms": 160.7900390625,
        "layernum[2]_bsz8_seq1024_rank7_act": 242.31494140625,
        "layernum[2]_bsz8_seq1024_rank7_act_peak": 423.39990234375,
        "layernum[1]_bsz8_seq2048_rank0_ms": 220.599609375,
        "layernum[1]_bsz8_seq2048_rank0_act": 435.0107421875,
        "layernum[1]_bsz8_seq2048_rank0_act_peak": 620.58984375,
        "layernum[1]_bsz8_seq2048_rank7_ms": 220.599609375,
        "layernum[1]_bsz8_seq2048_rank7_act": 435.0107421875,
        "layernum[1]_bsz8_seq2048_rank7_act_peak": 620.58984375,
        "layernum[2]_bsz8_seq2048_rank0_ms": 233.52880859375,
        "layernum[2]_bsz8_seq2048_rank0_act": 729.802734375,
        "layernum[2]_bsz8_seq2048_rank0_act_peak": 912.001953125,
        "layernum[2]_bsz8_seq2048_rank7_ms": 233.52880859375,
        "layernum[2]_bsz8_seq2048_rank7_act": 729.802734375,
        "layernum[2]_bsz8_seq2048_rank7_act_peak": 912.001953125
    },
    "1_1_8_c_sp": {
        "layernum[1]_bsz8_seq128_rank0_ms": 122.31396484375,
        "layernum[1]_bsz8_seq128_rank0_act": 8.70947265625,
        "layernum[1]_bsz8_seq128_rank0_act_peak": 126.064453125,
        "layernum[1]_bsz8_seq128_rank7_ms": 122.31396484375,
        "layernum[1]_bsz8_seq128_rank7_act": 8.70947265625,
        "layernum[1]_bsz8_seq128_rank7_act_peak": 126.064453125,
        "layernum[2]_bsz8_seq128_rank0_ms": 136.13330078125,
        "layernum[2]_bsz8_seq128_rank0_act": 8.91259765625,
        "layernum[2]_bsz8_seq128_rank0_act_peak": 124.76220703125,
        "layernum[2]_bsz8_seq128_rank7_ms": 136.13330078125,
        "layernum[2]_bsz8_seq128_rank7_act": 8.91259765625,
        "layernum[2]_bsz8_seq128_rank7_act_peak": 124.76220703125,
        "layernum[1]_bsz8_seq256_rank0_ms": 123.17333984375,
        "layernum[1]_bsz8_seq256_rank0_act": 17.44775390625,
        "layernum[1]_bsz8_seq256_rank0_act_peak": 127.2783203125,
        "layernum[1]_bsz8_seq256_rank7_ms": 123.17333984375,
        "layernum[1]_bsz8_seq256_rank7_act": 17.44775390625,
        "layernum[1]_bsz8_seq256_rank7_act_peak": 127.2783203125,
        "layernum[2]_bsz8_seq256_rank0_ms": 137.654296875,
        "layernum[2]_bsz8_seq256_rank0_act": 17.88525390625,
        "layernum[2]_bsz8_seq256_rank0_act_peak": 125.09033203125,
        "layernum[2]_bsz8_seq256_rank7_ms": 137.654296875,
        "layernum[2]_bsz8_seq256_rank7_act": 17.88525390625,
        "layernum[2]_bsz8_seq256_rank7_act_peak": 125.09033203125,
        "layernum[1]_bsz8_seq512_rank0_ms": 127.3525390625,
        "layernum[1]_bsz8_seq512_rank0_act": 35.0185546875,
        "layernum[1]_bsz8_seq512_rank0_act_peak": 128.5078125,
        "layernum[1]_bsz8_seq512_rank7_ms": 127.3525390625,
        "layernum[1]_bsz8_seq512_rank7_act": 35.0185546875,
        "layernum[1]_bsz8_seq512_rank7_act_peak": 128.5078125,
        "layernum[2]_bsz8_seq512_rank0_ms": 142.02490234375,
        "layernum[2]_bsz8_seq512_rank0_act": 36.0185546875,
        "layernum[2]_bsz8_seq512_rank0_act_peak": 126.1279296875,
        "layernum[2]_bsz8_seq512_rank7_ms": 142.02490234375,
        "layernum[2]_bsz8_seq512_rank7_act": 36.0185546875,
        "layernum[2]_bsz8_seq512_rank7_act_peak": 126.1279296875,
        "layernum[1]_bsz8_seq1024_rank0_ms": 146.6142578125,
        "layernum[1]_bsz8_seq1024_rank0_act": 71.076171875,
        "layernum[1]_bsz8_seq1024_rank0_act_peak": 255.541015625,
        "layernum[1]_bsz8_seq1024_rank7_ms": 146.6142578125,
        "layernum[1]_bsz8_seq1024_rank7_act": 71.076171875,
        "layernum[1]_bsz8_seq1024_rank7_act_peak": 255.541015625,
        "layernum[2]_bsz8_seq1024_rank0_ms": 161.3212890625,
        "layernum[2]_bsz8_seq1024_rank0_act": 73.576171875,
        "layernum[2]_bsz8_seq1024_rank0_act_peak": 255.24462890625,
        "layernum[2]_bsz8_seq1024_rank7_ms": 161.3212890625,
        "layernum[2]_bsz8_seq1024_rank7_act": 73.576171875,
        "layernum[2]_bsz8_seq1024_rank7_act_peak": 255.24462890625,
        "layernum[1]_bsz8_seq2048_rank0_ms": 220.599609375,
        "layernum[1]_bsz8_seq2048_rank0_act": 144.05908203125,
        "layernum[1]_bsz8_seq2048_rank0_act_peak": 473.82763671875,
        "layernum[1]_bsz8_seq2048_rank7_ms": 220.599609375,
        "layernum[1]_bsz8_seq2048_rank7_act": 144.05908203125,
        "layernum[1]_bsz8_seq2048_rank7_act_peak": 473.82763671875,
        "layernum[2]_bsz8_seq2048_rank0_ms": 233.57421875,
        "layernum[2]_bsz8_seq2048_rank0_act": 153.77294921875,
        "layernum[2]_bsz8_seq2048_rank0_act_peak": 474.54150390625,
        "layernum[2]_bsz8_seq2048_rank7_ms": 233.57421875,
        "layernum[2]_bsz8_seq2048_rank7_act": 153.77294921875,
        "layernum[2]_bsz8_seq2048_rank7_act_peak": 474.54150390625
    },
    "2_1_4_sp": {
        "layernum[2]_bsz8_seq128_rank0_ms": 134.625,
        "layernum[2]_bsz8_seq128_rank0_act": 9.22607421875,
        "layernum[2]_bsz8_seq128_rank0_act_peak": 115.25341796875,
        "layernum[2]_bsz8_seq128_rank7_ms": 137.92236328125,
        "layernum[2]_bsz8_seq128_rank7_act": 25.21923828125,
        "layernum[2]_bsz8_seq128_rank7_act_peak": 130.39404296875,
        "layernum[2]_bsz8_seq256_rank0_ms": 136.74609375,