{
    "layernum[6]_bsz2": 63.300140380859375,
    "layernum[12]_bsz2": 119.02136306762694,
    "layertype_0": 4.6434352238972965,
    "layernum[4]_bsz12": 223.51456909179686,
    "layernum[2]_bsz1": 29.552006149291987,
    "layernum[2]_bsz2": 51.822617340087895,
    "layernum[2]_bsz3": 74.2019432067871,
    "layernum[2]_bsz4": 93.9272445678711,
    "layernum[2]_bsz5": 117.00729293823242,
    "layernum[2]_bsz6": 65.24494094848635,
    "layernum[2]_bsz7": 74.7247543334961,
    "layernum[2]_bsz8": 83.64370651245117,
    "layernum[2]_bsz9": 94.03149108886718,
    "layernum[2]_bsz10": 105.83487014770506,
    "layernum[2]_bsz11": 114.1383071899414,
    "layernum[2]_bsz12": 124.74743270874025,
    "layernum[4]_bsz1": 24.8121919631958,
    "layernum[4]_bsz2": 89.58113632202146,
    "layernum[4]_bsz3": 131.27198944091796,
    "layernum[4]_bsz4": 79.93239288330078,
    "layernum[4]_bsz5": 95.24840927124026,
    "layernum[4]_bsz6": 114.3103225708008,
    "layernum[4]_bsz7": 132.01309509277343,
    "layernum[4]_bsz8": 147.815283203125,
    "layernum[4]_bsz9": 166.2143768310547,
    "layernum[4]_bsz10": 183.72242126464846,
    "layernum[4]_bsz11": 203.12764282226564,
    "layertype_0_bsz1": -2.369907093048093,
    "layertype_other_0_bsz1": 34.291820335388174,
    "layertype_0_bsz2": 9.439629745483392,
    "layertype_other_0_bsz2": 7.032049179077163,
    "layertype_0_bsz3": 9.511674372355143,
    "layertype_other_0_bsz3": 5.71063232421875,
    "layertype_0_bsz4": -1.7493564605712901,
    "layertype_other_0_bsz4": 26.980524063110355,
    "layertype_0_bsz5": -2.1758883666992164,
    "layertype_other_0_bsz5": 27.75323532104492,
    "layertype_0_bsz6": 4.088781801859539,
    "layertype_other_0_bsz6": 2.6965932210286474,
    "layertype_0_bsz7": 4.092024339948381,
    "layertype_other_0_bsz7": 2.4909162248883945,
    "layertype_0_bsz8": 4.010723543167114,
    "layertype_other_0_bsz8": 2.434016227722168,
    "layertype_0_bsz9": 4.010160319010417,
    "layertype_other_0_bsz9": 2.427622816297742,
    "layertype_0_bsz10": 3.89437755584717,
    "layertype_other_0_bsz10": 2.7947319030761664,
    "layertype_0_bsz11": 4.044969801469284,
    "layertype_other_0_bsz11": 2.28627014160156,
    "layertype_0_bsz12": 4.115297349294026,
    "layertype_other_0_bsz12": 2.165024693806968
}