{
    "layernum[6]_bsz2": 69.08809356689453,
    "layernum[12]_bsz2": 125.44849014282228,
    "layertype_0": 5.33094933827718,
    "layernum[2]_bsz1": 19.112524986267083,
    "layernum[2]_bsz2": 31.783987426757815,
    "layernum[2]_bsz3": 44.756317138671875,
    "layernum[2]_bsz4": 57.01227531433106,
    "layernum[2]_bsz5": 70.01074523925782,
    "layernum[2]_bsz6": 82.72912673950195,
    "layernum[2]_bsz7": 95.21831054687499,
    "layernum[2]_bsz8": 108.05304641723635,
    "layernum[2]_bsz9": 121.30525360107421,
    "layernum[2]_bsz10": 133.9398468017578,
    "layernum[2]_bsz11": 147.48004302978515,
    "layernum[2]_bsz12": 159.9130065917969,
    "layernum[2]_bsz13": 172.56006011962887,
    "layernum[2]_bsz14": 185.560920715332,
    "layernum[2]_bsz15": 198.34017028808594,
    "layernum[2]_bsz16": 211.6664825439453,
    "layernum[4]_bsz1": 29.75763187408447,
    "layernum[4]_bsz2": 50.52646369934083,
    "layernum[4]_bsz3": 71.92001190185549,
    "layernum[4]_bsz4": 91.49917984008789,
    "layernum[4]_bsz5": 111.61899337768556,
    "layernum[4]_bsz6": 133.28923339843752,
    "layernum[4]_bsz7": 153.29532470703128,
    "layernum[4]_bsz8": 173.39610137939454,
    "layernum[4]_bsz9": 195.30844268798825,
    "layernum[4]_bsz10": 215.49830780029293,
    "layernum[4]_bsz11": 237.03877105712888,
    "layernum[4]_bsz12": 256.9983795166016,
    "layernum[4]_bsz13": 277.19566345214844,
    "layernum[4]_bsz14": 297.76751403808595,
    "layernum[4]_bsz15": 319.5178527832031,
    "layernum[4]_bsz16": 339.25229797363284,
    "layertype_0_bsz1": 5.322553443908694,
    "layertype_0_bsz2": 4.685619068145754,
    "layertype_0_bsz3": 4.527282460530603,
    "layertype_0_bsz4": 4.310863065719603,
    "layertype_0_bsz5": 4.160824813842774,
    "layertype_0_bsz6": 4.213342221577964,
    "layertype_0_bsz7": 4.148358154296878,
    "layertype_0_bsz8": 4.083940935134887,
    "layertype_0_bsz9": 4.111288282606335,
    "layertype_0_bsz10": 4.077923049926757,
    "layertype_0_bsz11": 4.070851273970169,
    "layertype_0_bsz12": 4.045223871866862,
    "layertype_0_bsz13": 4.024446282019984,
    "layertype_0_bsz14": 4.007378332955498,
    "layertype_0_bsz15": 4.039256083170573,
    "layertype_0_bsz16": 3.9870567321777353,
    "layertype_other_0_bsz1": 8.467418098449695,
    "layertype_other_0_bsz2": 6.5207555770873995,
    "layertype_other_0_bsz3": 5.864207458496087,
    "layertype_other_0_bsz4": 5.631342697143559,
    "layertype_other_0_bsz5": 5.680499420166015,
    "layertype_other_0_bsz6": 5.361503346761064,
    "layertype_other_0_bsz7": 5.305899483816956,
    "layertype_other_0_bsz8": 5.338748931884769,
    "layertype_other_0_bsz9": 5.255784946017798,
    "layertype_other_0_bsz10": 5.238138580322266,
    "layertype_other_0_bsz11": 5.265574091131038,
    "layertype_other_0_bsz12": 5.235636138916017,
    "layertype_other_0_bsz13": 5.224958214393023,
    "layertype_other_0_bsz14": 5.239594813755575,
    "layertype_other_0_bsz15": 5.144165852864584,
    "layertype_other_0_bsz16": 5.255041694641111
}