{
    "layernum[6]_bsz2": 78.34787216186523,
    "layernum[12]_bsz2": 142.3192642211914,
    "layertype_0": 5.33094933827718,
    "layernum[2]_bsz1": 24.4333345413208,
    "layernum[2]_bsz2": 36.65449600219726,
    "layernum[2]_bsz3": 50.27342376708984,
    "layernum[2]_bsz4": 62.28636856079102,
    "layernum[2]_bsz5": 76.66008987426756,
    "layernum[2]_bsz6": 98.0753257751465,
    "layernum[2]_bsz7": 102.88000946044922,
    "layernum[2]_bsz8": 116.44417419433594,
    "layernum[2]_bsz9": 129.948405456543,
    "layernum[2]_bsz10": 143.14042663574222,
    "layernum[2]_bsz11": 157.98718566894533,
    "layernum[2]_bsz12": 170.85451965332032,
    "layernum[2]_bsz13": 183.65431976318362,
    "layernum[2]_bsz14": 209.7671096801758,
    "layernum[2]_bsz15": 203.2271667480469,
    "layernum[2]_bsz16": 216.064778137207,
    "layernum[4]_bsz1": 38.473398208618164,
    "layernum[4]_bsz2": 59.36713256835937,
    "layernum[4]_bsz3": 81.42478408813477,
    "layernum[4]_bsz4": 101.55466690063477,
    "layernum[4]_bsz5": 127.99173431396486,
    "layernum[4]_bsz6": 147.39153594970705,
    "layernum[4]_bsz7": 170.92095947265622,
    "layernum[4]_bsz8": 191.32189483642574,
    "layernum[4]_bsz9": 211.45170135498046,
    "layernum[4]_bsz10": 223.55881805419926,
    "layernum[4]_bsz11": 245.10445404052734,
    "layernum[4]_bsz12": 265.04208984375,
    "layernum[4]_bsz13": 290.5895629882812,
    "layernum[4]_bsz14": 306.5792755126953,
    "layernum[4]_bsz15": 330.43632812499993,
    "layernum[4]_bsz16": 350.74463806152346,
    "layertype_0_bsz1": 7.020031833648682,
    "layertype_0_bsz2": 5.678159141540526,
    "layertype_0_bsz3": 5.191893386840822,
    "layertype_0_bsz4": 4.908537292480469,
    "layertype_0_bsz5": 5.13316444396973,
    "layertype_0_bsz6": 4.109684181213379,
    "layertype_0_bsz7": 4.860067858014786,
    "layertype_0_bsz8": 4.679857540130612,
    "layertype_0_bsz9": 4.527960883246526,
    "layertype_0_bsz10": 4.020919570922852,
    "layertype_0_bsz11": 3.9598758350719097,
    "layertype_0_bsz12": 3.9244820912679024,
    "layertype_0_bsz13": 4.112893970196061,
    "layertype_0_bsz14": 3.4575773511614107,
    "layertype_0_bsz15": 4.240305379231768,
    "layertype_0_bsz16": 4.208745622634889
}