{
    "layernum[6]_bsz2": 78.34787216186523,
    "layernum[12]_bsz2": 142.3192642211914,
    "layertype_0": 5.33094933827718
}