{
    "layernum[1]_bsz1_seq4096": 22.8844482421875,
    "layernum[1]_bsz1_seq8192": 43.080099105834954,
    "layernum[1]_bsz1_seq12288": 66.47318115234376,
    "layernum[1]_bsz1_seq16384": 88.1517463684082,
    "layernum[1]_bsz1_seq20480": 113.12222442626954,
    "layernum[1]_bsz1_seq24576": 139.9017288208008,
    "layernum[1]_bsz1_seq28672": 168.38845825195312,
    "layernum[1]_bsz1_seq32768": 198.291552734375,
    "layernum[1]_bsz1_seq36864": 230.086067199707,
    "layernum[1]_bsz1_seq40960": 263.7575225830078,
    "layernum[1]_bsz1_seq45056": 299.6522277832031,
    "layernum[1]_bsz1_seq49152": 336.9099548339844,
    "layernum[1]_bsz1_seq53248": 374.5089294433594,
    "layernum[1]_bsz1_seq57344": 413.508511352539,
    "layernum[1]_bsz1_seq61440": 455.176351928711,
    "layernum[1]_bsz1_seq65536": 496.66301879882815,
    "layernum[2]_bsz1_seq4096": 32.74331817626953,
    "layernum[2]_bsz1_seq8192": 63.28061447143554,
    "layernum[2]_bsz1_seq12288": 96.7435401916504,
    "layernum[2]_bsz1_seq16384": 133.02374572753905,
    "layernum[2]_bsz1_seq20480": 173.18604736328126,
    "layernum[2]_bsz1_seq24576": 216.61733856201172,
    "layernum[2]_bsz1_seq28672": 265.52430114746096,
    "layernum[2]_bsz1_seq32768": 316.35719299316406,
    "layernum[2]_bsz1_seq36864": 368.420166015625,
    "layernum[2]_bsz1_seq40960": 424.71158447265634,
    "layernum[2]_bsz1_seq45056": 484.4446441650391,
    "layernum[2]_bsz1_seq49152": 549.4261596679688,
    "layernum[2]_bsz1_seq53248": 611.3664611816407,
    "layernum[2]_bsz1_seq57344": 682.6324096679687,
    "layernum[2]_bsz1_seq61440": 753.9030883789063,
    "layernum[2]_bsz1_seq65536": 832.3876708984376,
    "layertype_0_bsz1_seq4096": 9.858869934082033,
    "layertype_other_0_bsz1_seq4096": 13.025578308105466,
    "layertype_0_bsz1_seq8192": 20.200515365600587,
    "layertype_other_0_bsz1_seq8192": 22.879583740234366,
    "layertype_0_bsz1_seq12288": 30.27035903930664,
    "layertype_other_0_bsz1_seq12288": 36.202822113037115,
    "layertype_0_bsz1_seq16384": 44.871999359130854,
    "layertype_other_0_bsz1_seq16384": 43.279747009277344,
    "layertype_0_bsz1_seq20480": 60.06382293701172,
    "layertype_other_0_bsz1_seq20480": 53.05840148925782,
    "layertype_0_bsz1_seq24576": 76.71560974121093,
    "layertype_other_0_bsz1_seq24576": 63.18611907958987,
    "layertype_0_bsz1_seq28672": 97.13584289550784,
    "layertype_other_0_bsz1_seq28672": 71.25261535644529,
    "layertype_0_bsz1_seq32768": 118.06564025878907,
    "layertype_other_0_bsz1_seq32768": 80.22591247558591,
    "layertype_0_bsz1_seq36864": 138.334098815918,
    "layertype_other_0_bsz1_seq36864": 91.751968383789,
    "layertype_0_bsz1_seq40960": 160.95406188964853,
    "layertype_other_0_bsz1_seq40960": 102.80346069335928,
    "layertype_0_bsz1_seq45056": 184.792416381836,
    "layertype_other_0_bsz1_seq45056": 114.8598114013671,
    "layertype_0_bsz1_seq49152": 212.51620483398443,
    "layertype_other_0_bsz1_seq49152": 124.39374999999995,
    "layertype_0_bsz1_seq53248": 236.8575317382813,
    "layertype_other_0_bsz1_seq53248": 137.65139770507812,
    "layertype_0_bsz1_seq57344": 269.12389831542964,
    "layertype_other_0_bsz1_seq57344": 144.38461303710938,
    "layertype_0_bsz1_seq61440": 298.72673645019535,
    "layertype_other_0_bsz1_seq61440": 156.44961547851562,
    "layertype_0_bsz1_seq65536": 335.72465209960944,
    "layertype_other_0_bsz1_seq65536": 160.9383666992187
}