{
    "1_1_8_sp": {
        "layernum[1]_bsz8_seq512_rank0_ms": 1190.3720703125,
        "layernum[1]_bsz8_seq512_rank0_act": 127.20654296875,
        "layernum[1]_bsz8_seq512_rank0_act_peak": 1082.751953125,
        "layernum[1]_bsz8_seq512_rank7_ms": 1190.3720703125,
        "layernum[1]_bsz8_seq512_rank7_act": 127.20654296875,
        "layernum[1]_bsz8_seq512_rank7_act_peak": 1082.751953125,
        "layernum[2]_bsz8_seq512_rank0_ms": 1574.4736328125,
        "layernum[2]_bsz8_seq512_rank0_act": 195.27783203125,
        "layernum[2]_bsz8_seq512_rank0_act_peak": 1319.1826171875,
        "layernum[2]_bsz8_seq512_rank7_ms": 1574.4736328125,
        "layernum[2]_bsz8_seq512_rank7_act": 195.27783203125,
        "layernum[2]_bsz8_seq512_rank7_act_peak": 1319.1826171875,
        "layernum[1]_bsz8_seq2048_rank0_ms": 1202.3837890625,
        "layernum[1]_bsz8_seq2048_rank0_act": 508.8203125,
        "layernum[1]_bsz8_seq2048_rank0_act_peak": 1196.8017578125,
        "layernum[1]_bsz8_seq2048_rank7_ms": 1202.3837890625,
        "layernum[1]_bsz8_seq2048_rank7_act": 508.8203125,
        "layernum[1]_bsz8_seq2048_rank7_act_peak": 1196.8017578125,
        "layernum[2]_bsz8_seq2048_rank0_ms": 1586.4853515625,
        "layernum[2]_bsz8_seq2048_rank0_act": 781.1025390625,
        "layernum[2]_bsz8_seq2048_rank0_act_peak": 1538.4052734375,
        "layernum[2]_bsz8_seq2048_rank7_ms": 1586.4853515625,
        "layernum[2]_bsz8_seq2048_rank7_act": 781.1025390625,
        "layernum[2]_bsz8_seq2048_rank7_act_peak": 1538.4052734375,
        "layernum[2]_bsz8_seq4096_rank0_ms": 1602.5009765625,
        "layernum[2]_bsz8_seq4096_rank0_act": 1562.2021484375,
        "layernum[2]_bsz8_seq4096_rank0_act_peak": 1984.65234375,
        "layernum[2]_bsz8_seq4096_rank7_ms": 1602.5009765625,
        "layernum[2]_bsz8_seq4096_rank7_act": 1562.2021484375,
        "layernum[2]_bsz8_seq4096_rank7_act_peak": 1984.65234375,
        "layernum[1]_bsz8_seq8192_rank0_ms": 1250.4306640625,
        "layernum[1]_bsz8_seq8192_rank0_act": 2035.275390625,
        "layernum[1]_bsz8_seq8192_rank0_act_peak": 2906.93310546875,
        "layernum[1]_bsz8_seq8192_rank7_ms": 1250.4306640625,
        "layernum[1]_bsz8_seq8192_rank7_act": 2035.275390625,
        "layernum[1]_bsz8_seq8192_rank7_act_peak": 2906.93310546875,
        "layernum[2]_bsz8_seq8192_rank0_ms": 1634.5322265625,
        "layernum[2]_bsz8_seq8192_rank0_act": 3124.4013671875,
        "layernum[2]_bsz8_seq8192_rank0_act_peak": 3900.03369140625,
        "layernum[2]_bsz8_seq8192_rank7_ms": 1634.5322265625,
        "layernum[2]_bsz8_seq8192_rank7_act": 3124.4013671875,
        "layernum[2]_bsz8_seq8192_rank7_act_peak": 3900.03369140625
    },
    "1_1_8_c_sp": {
        "layernum[1]_bsz8_seq512_rank0_ms": 1190.3720703125,
        "layernum[1]_bsz8_seq512_rank0_act": 63.13525390625,
        "layernum[1]_bsz8_seq512_rank0_act_peak": 1082.751953125,
        "layernum[1]_bsz8_seq512_rank7_ms": 1190.3720703125,
        "layernum[1]_bsz8_seq512_rank7_act": 63.13525390625,
        "layernum[1]_bsz8_seq512_rank7_act_peak": 1082.751953125,
        "layernum[2]_bsz8_seq512_rank0_ms": 1574.4736328125,
        "layernum[2]_bsz8_seq512_rank0_act": 67.13525390625,
        "layernum[2]_bsz8_seq512_rank0_act_peak": 1267.111328125,
        "layernum[2]_bsz8_seq512_rank7_ms": 1574.4736328125,
        "layernum[2]_bsz8_seq512_rank7_act": 67.13525390625,
        "layernum[2]_bsz8_seq512_rank7_act_peak": 1267.111328125,
        "layernum[1]_bsz8_seq1024_rank0_ms": 1194.3759765625,
        "layernum[1]_bsz8_seq1024_rank0_act": 126.26953125,
        "layernum[1]_bsz8_seq1024_rank0_act_peak": 1082.751953125,
        "layernum[1]_bsz8_seq1024_rank7_ms": 1194.3759765625,
        "layernum[1]_bsz8_seq1024_rank7_act": 126.26953125,
        "layernum[1]_bsz8_seq1024_rank7_act_peak": 1082.751953125,
        "layernum[2]_bsz8_seq1024_rank0_ms": 1578.4775390625,
        "layernum[2]_bsz8_seq1024_rank0_act": 134.26953125,
        "layernum[2]_bsz8_seq1024_rank0_act_peak": 1288.115234375,
        "layernum[2]_bsz8_seq1024_rank7_ms": 1578.4775390625,
        "layernum[2]_bsz8_seq1024_rank7_act": 134.26953125,
        "layernum[2]_bsz8_seq1024_rank7_act_peak": 1288.115234375,
        "layernum[1]_bsz8_seq2048_rank0_ms": 1202.3837890625,
        "layernum[1]_bsz8_seq2048_rank0_act": 252.5380859375,
        "layernum[1]_bsz8_seq2048_rank0_act_peak": 1082.751953125,
        "layernum[1]_bsz8_seq2048_rank7_ms": 1202.3837890625,
        "layernum[1]_bsz8_seq2048_rank7_act": 252.5380859375,
        "layernum[1]_bsz8_seq2048_rank7_act_peak": 1082.751953125,
        "layernum[2]_bsz8_seq2048_rank0_ms": 1586.4853515625,
        "layernum[2]_bsz8_seq2048_rank0_act": 269.5380859375,
        "layernum[2]_bsz8_seq2048_rank0_act_peak": 1330.123046875,
        "layernum[2]_bsz8_seq2048_rank7_ms": 1586.4853515625,
        "layernum[2]_bsz8_seq2048_rank7_act": 269.5380859375,
        "layernum[2]_bsz8_seq2048_rank7_act_peak": 1330.123046875,
        "layernum[1]_bsz8_seq4096_rank0_ms": 1218.3994140625,
        "layernum[1]_bsz8_seq4096_rank0_act": 505.0751953125,
        "layernum[1]_bsz8_seq4096_rank0_act_peak": 1190.46240234375,
        "layernum[1]_bsz8_seq4096_rank7_ms": 1218.3994140625,
        "layernum[1]_bsz8_seq4096_rank7_act": 505.0751953125,
        "layernum[1]_bsz8_seq4096_rank7_act_peak": 1190.46240234375,
        "layernum[2]_bsz8_seq4096_rank0_ms": 1602.5009765625,
        "layernum[2]_bsz8_seq4096_rank0_act": 537.0751953125,
        "layernum[2]_bsz8_seq4096_rank0_act_peak": 1478.53857421875,
        "layernum[2]_bsz8_seq4096_rank7_ms": 1602.5009765625,
        "layernum[2]_bsz8_seq4096_rank7_act": 537.0751953125,
        "layernum[2]_bsz8_seq4096_rank7_act_peak": 1478.53857421875,
        "layernum[1]_bsz8_seq8192_rank0_ms": 1250.4306640625,
        "layernum[1]_bsz8_seq8192_rank0_act": 1010.1494140625,
        "layernum[1]_bsz8_seq8192_rank0_act_peak": 1951.05615234375,
        "layernum[1]_bsz8_seq8192_rank7_ms": 1250.4306640625,
        "layernum[1]_bsz8_seq8192_rank7_act": 1010.1494140625,
        "layernum[1]_bsz8_seq8192_rank7_act_peak": 1951.05615234375,
        "layernum[2]_bsz8_seq8192_rank0_ms": 1634.5322265625,
        "layernum[2]_bsz8_seq8192_rank0_act": 1074.1494140625,
        "layernum[2]_bsz8_seq8192_rank0_act_peak": 2239.13232421875,
        "layernum[2]_bsz8_seq8192_rank7_ms": 1634.5322265625,
        "layernum[2]_bsz8_seq8192_rank7_act": 1074.1494140625,
        "layernum[2]_bsz8_seq8192_rank7_act_peak": 2239.13232421875
    },
    "2_1_4_sp": {
        "layernum[2]_bsz8_seq512_rank0_ms": 1578.46923828125,
        "layernum[2]_bsz8_seq512_rank0_act": 156.13818359375,
        "layernum[2]_bsz8_seq512_rank0_act_peak": 1000.50048828125,
        "layernum[2]_bsz8_seq512_rank7_ms": 1570.50048828125,
        "layernum[2]_bsz8_seq512_rank7_act": 258.40380859375,
        "layernum[2]_bsz8_seq512_rank7_act_peak": 976.255859375,
        "layernum[2]_bsz8_seq1024_rank0_ms": 1586.48486328125,
        "layernum[2]_bsz8_seq1024_rank0_act": 312.27490234375,
        "layernum[2]_bsz8_seq1024_rank0_act_peak": 1016.50048828125,
        "layernum[2]_bsz8_seq1024_rank7_ms": 1570.51611328125,
        "layernum[2]_bsz8_seq1024_rank7_act": 516.80517578125,
        "layernum[2]_bsz8_seq1024_rank7_act_peak": 1112.7568359375,
        "layernum[2]_bsz8_seq2048_rank0_ms": 1602.51611328125,
        "layernum[2]_bsz8_seq2048_rank0_act": 624.54833984375,
        "layernum[2]_bsz8_seq2048_rank0_act_peak": 1048.50048828125,
        "layernum[2]_bsz8_seq2048_rank7_ms": 1570.54736328125,
        "layernum[2]_bsz8_seq2048_rank7_act": 1033.60791015625,
        "layernum[2]_bsz8_seq2048_rank7_act_peak": 1464.0537109375,
        "layernum[2]_bsz8_seq4096_rank0_ms": 1634.57861328125,
        "layernum[2]_bsz8_seq4096_rank0_act": 1249.09521484375,
        "layernum[2]_bsz8_seq4096_rank0_act_peak": 1788.748046875,
        "layernum[2]_bsz8_seq4096_rank7_ms": 1570.60986328125,