{
    "pp_size_2": 7.96595,
    "pp_size_4": 8.8167,
    "pp_size_8": 8.90184,
    "pp_size_16": 8.81364
}