{
    "allreduce_size_8_1MB_time": 0.07895,
    "allreduce_size_8_2MB_time": 0.10940000000000001,
    "allreduce_size_8_4MB_time": 0.1333,
    "allreduce_size_8_8MB_time": 0.1827,
    "allreduce_size_8_16MB_time": 0.29410000000000003,
    "allreduce_size_8_32MB_time": 0.4157,
    "allreduce_size_8_64MB_time": 0.6518999999999999,
    "allreduce_size_8_128MB_time": 1.2826,
    "allreduce_size_8_256MB_time": 2.3584,
    "allreduce_size_8_512MB_time": 4.6768,
    "allreduce_size_8_1024MB_time": 8.1409,
    "allreduce_size_4_1MB_time": 0.07981,
    "allreduce_size_4_2MB_time": 0.09109,
    "allreduce_size_4_4MB_time": 0.10909999999999999,
    "allreduce_size_4_8MB_time": 0.1581,
    "allreduce_size_4_16MB_time": 0.21830000000000002,
    "allreduce_size_4_32MB_time": 0.3205,
    "allreduce_size_4_64MB_time": 0.5848,
    "allreduce_size_4_128MB_time": 1.0725,
    "allreduce_size_4_256MB_time": 2.0709,
    "allreduce_size_4_512MB_time": 3.7352,
    "allreduce_size_4_1024MB_time": 7.187399999999999,
    "allreduce_size_2_1MB_time": 0.0703,
    "allreduce_size_2_2MB_time": 0.07931999999999999,
    "allreduce_size_2_4MB_time": 0.09008,
    "allreduce_size_2_8MB_time": 0.10840000000000001,
    "allreduce_size_2_16MB_time": 0.1434,
    "allreduce_size_2_32MB_time": 0.2281,
    "allreduce_size_2_64MB_time": 0.39239999999999997,
    "allreduce_size_2_128MB_time": 0.7417,
    "allreduce_size_2_256MB_time": 1.3887,
    "allreduce_size_2_512MB_time": 2.6886,
    "allreduce_size_2_1024MB_time": 5.1594,
    "all2all_size_8_1MB_time": 0.1124,
    "all2all_size_8_2MB_time": 0.1135,
    "all2all_size_8_4MB_time": 0.11090000000000001,
    "all2all_size_8_8MB_time": 0.1502,
    "all2all_size_8_16MB_time": 0.2003,
    "all2all_size_8_32MB_time": 0.243,
    "all2all_size_8_64MB_time": 0.3997,
    "all2all_size_8_128MB_time": 0.7135,
    "all2all_size_8_256MB_time": 1.2980999999999998,
    "all2all_size_8_512MB_time": 2.4821999999999997,
    "all2all_size_8_1024MB_time": 4.8151,
    "all2all_size_4_1MB_time": 0.05244,
    "all2all_size_4_2MB_time": 0.07992,
    "all2all_size_4_4MB_time": 0.1065,
    "all2all_size_4_8MB_time": 0.1255,
    "all2all_size_4_16MB_time": 0.1514,
    "all2all_size_4_32MB_time": 0.22369999999999998,
    "all2all_size_4_64MB_time": 0.3654,
    "all2all_size_4_128MB_time": 0.6439,
    "all2all_size_4_256MB_time": 1.1567,
    "all2all_size_4_512MB_time": 2.1003000000000003,
    "all2all_size_4_1024MB_time": 4.0389,
    "all2all_size_2_1MB_time": 0.0709,
    "all2all_size_2_2MB_time": 0.09942000000000001,
    "all2all_size_2_4MB_time": 0.11009999999999999,
    "all2all_size_2_8MB_time": 0.1047,
    "all2all_size_2_16MB_time": 0.12029999999999999,
    "all2all_size_2_32MB_time": 0.17880000000000001,
    "all2all_size_2_64MB_time": 0.2928,
    "all2all_size_2_128MB_time": 0.4756,
    "all2all_size_2_256MB_time": 0.8806,
    "all2all_size_2_512MB_time": 1.7752000000000001,
    "all2all_size_2_1024MB_time": 3.4954
}